archivo,ruta,clase,label,clave_agrupacion,rID,prob
chiari_1a.jpeg,data/vf/val_externo/cropped/chiari/chiari_1a.jpeg,chiari,1,56514,56514,0.974312
chiari_1b.jpeg,data/vf/cropped/chiari/chiari_1b.jpeg,chiari,1,56514,56514,0.656696
chiari_3a.jpg,data/vf/val_externo/cropped/chiari/chiari_3a.jpg,chiari,1,71310,71310,0.999975
chiari_3b.jpg,data/vf/val_externo/cropped/chiari/chiari_3b.jpg,chiari,1,71310,71310,0.999806
chiari_3c.jpg,data/vf/val_externo/cropped/chiari/chiari_3c.jpg,chiari,1,71310,71310,0.893758
chiari_4a.jpeg,data/vf/cropped/chiari/chiari_4a.jpeg,chiari,1,75171,75171,0.808533
chiari_4b.jpg,data/vf/val_externo/cropped/chiari/chiari_4b.jpg,chiari,1,75171,75171,0.647079
chiari_6a.jpg,data/vf/val_externo/cropped/chiari/chiari_6a.jpg,chiari,1,88168,88168,0.375729
chiari_6b.jpg,data/vf/cropped/chiari/chiari_6b.jpg,chiari,1,88168,88168,0.990501
chiari_7a.jpg,data/vf/cropped/chiari/chiari_7a.jpg,chiari,1,91327,91327,0.883162
chiari_8a.png,data/vf/cropped/chiari/chiari_8a.png,chiari,1,16632,16632,0.996673
chiari_8b.png,data/vf/val_externo/cropped/chiari/chiari_8b.png,chiari,1,16632,16632,0.999839
chiari_9a.jpeg,data/vf/val_externo/cropped/chiari/chiari_9a.jpeg,chiari,1,198037,198037,0.054794
chiari_11a.jpeg,data/vf/val_externo/cropped/chiari/chiari_11a.jpeg,chiari,1,3609,3609,0.972088
chiari_12a.jpeg,data/vf/val_externo/cropped/chiari/chiari_12a.jpeg,chiari,1,21023,21023,0.962515
chiari_13a.jpg,data/vf/cropped/chiari/chiari_13a.jpg,chiari,1,29929,29929,0.998787
chiari_13b.jpg,data/vf/cropped/chiari/chiari_13b.jpg,chiari,1,29929,29929,0.075137
chiari_14a.png,data/vf/val_externo/cropped/chiari/chiari_14a.png,chiari,1,40391,40391,0.405452
chiari_16a.png,data/vf/val_externo/cropped/chiari/chiari_16a.png,chiari,1,56863,56863,0.975698
chiari_16b.png,data/vf/val_externo/cropped/chiari/chiari_16b.png,chiari,1,56863,56863,0.994669
chiari_17a.jpeg,data/vf/val_externo/cropped/chiari/chiari_17a.jpeg,chiari,1,69649,69649,0.600314
chiari_20a.jpg,data/vf/cropped/chiari/chiari_20a.jpg,chiari,1,68345,68345,0.6187
chiari_20b.jpeg,data/vf/val_externo/cropped/chiari/chiari_20b.jpeg,chiari,1,68345,68345,0.999974
chiari_22a.jpeg,data/vf/val_externo/cropped/chiari/chiari_22a.jpeg,chiari,1,87101,87101,0.994006
chiari_23a.jpeg,data/vf/val_externo/cropped/chiari/chiari_23a.jpeg,chiari,1,154611,154611,0.9909
chiari_23b.jpeg,data/vf/val_externo/cropped/chiari/chiari_23b.jpeg,chiari,1,154611,154611,0.998776
chiari_23c.jpeg,data/vf/val_externo/cropped/chiari/chiari_23c.jpeg,chiari,1,154611,154611,0.944194
chiari_25a.jpg,data/vf/val_externo/cropped/chiari/chiari_25a.jpg,chiari,1,180362,180362,0.603976
chiari_25b.jpg,data/vf/cropped/chiari/chiari_25b.jpg,chiari,1,180362,180362,0.999348
chiari_25b.jpg,data/vf/val_externo/cropped/chiari/chiari_25b.jpg,chiari,1,180362,180362,0.99911
chiari_25c.jpg,data/vf/val_externo/cropped/chiari/chiari_25c.jpg,chiari,1,180362,180362,0.999844
chiari_26a.jpg,data/vf/cropped/chiari/chiari_26a.jpg,chiari,1,184186,184186,0.990233
chiari_26b.jpg,data/vf/cropped/chiari/chiari_26b.jpg,chiari,1,184186,184186,0.999986
chiari_27a.jpg,data/vf/cropped/chiari/chiari_27a.jpg,chiari,1,94769,94769,0.324137
chiari_27b.jpg,data/vf/val_externo/cropped/chiari/chiari_27b.jpg,chiari,1,94769,94769,0.605451
chiari_27c.jpg,data/vf/cropped/chiari/chiari_27c.jpg,chiari,1,94769,94769,0.848543
chiari_28a.png,data/vf/val_externo/cropped/chiari/chiari_28a.png,chiari,1,199635,199635,0.238004
chiari_30a.jpeg,data/vf/val_externo/cropped/chiari/chiari_30a.jpeg,chiari,1,225772,225772,1.0
chiari_30b.jpeg,data/vf/val_externo/cropped/chiari/chiari_30b.jpeg,chiari,1,225772,225772,0.999993
chiari_30c.jpg,data/vf/val_externo/cropped/chiari/chiari_30c.jpg,chiari,1,225772,225772,1.0
chiari_31a.jpeg,data/vf/val_externo/cropped/chiari/chiari_31a.jpeg,chiari,1,151115,151115,0.046245
chiari_31b.jpeg,data/vf/val_externo/cropped/chiari/chiari_31b.jpeg,chiari,1,151115,151115,0.998412
chiari_32a.jpg,data/vf/val_externo/cropped/chiari/chiari_32a.jpg,chiari,1,157827,157827,0.965146
chiari_32b.jpg,data/vf/val_externo/cropped/chiari/chiari_32b.jpg,chiari,1,157827,157827,0.97219
chiari_33a.jpeg,data/vf/val_externo/cropped/chiari/chiari_33a.jpeg,chiari,1,185374,185374,0.976887
chiari_33b.jpeg,data/vf/val_externo/cropped/chiari/chiari_33b.jpeg,chiari,1,185374,185374,0.993927
chiari_34a.jpg,data/vf/val_externo/cropped/chiari/chiari_34a.jpg,chiari,1,218107,218107,0.949545
chiari_34b.jpg,data/vf/val_externo/cropped/chiari/chiari_34b.jpg,chiari,1,218107,218107,0.997719
chiari_35a.jpg,data/vf/val_externo/cropped/chiari/chiari_35a.jpg,chiari,1,84171,84171,0.995095
chiari_35b.jpg,data/vf/val_externo/cropped/chiari/chiari_35b.jpg,chiari,1,84171,84171,0.685438
chiari_36a.jpeg,data/vf/val_externo/cropped/chiari/chiari_36a.jpeg,chiari,1,72352,72352,0.9803
chiari_37a.jpg,data/vf/val_externo/cropped/chiari/chiari_37a.jpg,chiari,1,229718,229718,0.997949
chiari_37b.jpg,data/vf/val_externo/cropped/chiari/chiari_37b.jpg,chiari,1,229718,229718,0.894717
chiari_37c.jpg,data/vf/val_externo/cropped/chiari/chiari_37c.jpg,chiari,1,229718,229718,0.99086
chiari_37d.jpeg,data/vf/cropped/chiari/chiari_37d.jpeg,chiari,1,229718,229718,0.753691
chiari_38a.png,data/vf/val_externo/cropped/chiari/chiari_38a.png,chiari,1,16995,16995,0.992634
chiari_39a.jpg,data/vf/val_externo/cropped/chiari/chiari_39a.jpg,chiari,1,154142,154142,0.917249
chiari_39b.jpg,data/vf/val_externo/cropped/chiari/chiari_39b.jpg,chiari,1,154142,154142,0.974551
chiari_40a.jpg,data/vf/val_externo/cropped/chiari/chiari_40a.jpg,chiari,1,153463,153463,0.257071
chiari_41a.jpg,data/vf/val_externo/cropped/chiari/chiari_41a.jpg,chiari,1,99353,99353,0.204134
chiari_42a.jpg,data/vf/val_externo/cropped/chiari/chiari_42a.jpg,chiari,1,94082,94082,0.359823
chiari_42b.jpg,data/vf/cropped/chiari/chiari_42b.jpg,chiari,1,94082,94082,0.557927
chiari_43a.jpeg,data/vf/val_externo/cropped/chiari/chiari_43a.jpeg,chiari,1,89442,89442,0.999179
chiari_43b.jpeg,data/vf/val_externo/cropped/chiari/chiari_43b.jpeg,chiari,1,89442,89442,0.9995
chiari_44a.jpg,data/vf/val_externo/cropped/chiari/chiari_44a.jpg,chiari,1,173129,173129,0.851618
chiari_45a.jpeg,data/vf/val_externo/cropped/chiari/chiari_45a.jpeg,chiari,1,176123,176123,0.95066
chiari_46a.jpg,data/vf/cropped/chiari/chiari_46a.jpg,chiari,1,178758,178758,0.148401
chiari_47a.jpeg,data/vf/val_externo/cropped/chiari/chiari_47a.jpeg,chiari,1,191155,191155,0.014463
chiari_47b.jpeg,data/vf/cropped/chiari/chiari_47b.jpeg,chiari,1,191155,191155,0.968508
chiari_48a.jpeg,data/vf/val_externo/cropped/chiari/chiari_48a.jpeg,chiari,1,4364,4364,0.700957
chiari_48b.jpeg,data/vf/val_externo/cropped/chiari/chiari_48b.jpeg,chiari,1,4364,4364,0.85649
chiari_49a.jpg,data/vf/val_externo/cropped/chiari/chiari_49a.jpg,chiari,1,12712,12712,0.999975
chiari_51a.png,data/vf/val_externo/cropped/chiari/chiari_51a.png,chiari,1,183264,183264,0.995431
chiari_51b.png,data/vf/val_externo/cropped/chiari/chiari_51b.png,chiari,1,183264,183264,0.999946
chiari_52a.jpg,data/vf/val_externo/cropped/chiari/chiari_52a.jpg,chiari,1,88459,88459,0.995008
chiari_52b.jpeg,data/vf/cropped/chiari/chiari_52b.jpeg,chiari,1,88459,88459,0.57486
chiari_54a.jpg,data/vf/val_externo/cropped/chiari/chiari_54a.jpg,chiari,1,16374,16374,0.975267
chiari_55a.jpeg,data/vf/val_externo/cropped/chiari/chiari_55a.jpeg,chiari,1,48586,48586,0.182719
chiari_59a.png,data/vf/cropped/chiari/chiari_59a.png,chiari,1,64259,64259,0.255437
chiari_59a.png,data/vf/val_externo/cropped/chiari/chiari_59a.png,chiari,1,64259,64259,0.959297
chiari_59b.jpeg,data/vf/val_externo/cropped/chiari/chiari_59b.jpeg,chiari,1,64259,64259,0.999612
chiari_60a.jpg,data/vf/cropped/chiari/chiari_60a.jpg,chiari,1,18005,18005,0.994621
chiari_62a.jpeg,data/vf/val_externo/cropped/chiari/chiari_62a.jpeg,chiari,1,70059,70059,0.998291
chiari_62b.jpeg,data/vf/val_externo/cropped/chiari/chiari_62b.jpeg,chiari,1,70059,70059,0.999898
chiari_63a.jpg,data/vf/val_externo/cropped/chiari/chiari_63a.jpg,chiari,1,220610,220610,0.137959
chiari_63b.jpeg,data/vf/val_externo/cropped/chiari/chiari_63b.jpeg,chiari,1,220610,220610,0.273483
chiari_64a.jpg,data/vf/val_externo/cropped/chiari/chiari_64a.jpg,chiari,1,34146,34146,0.009484
chiari_65a.jpg,data/vf/val_externo/cropped/chiari/chiari_65a.jpg,chiari,1,181929,181929,0.991956
chiari_65b.jpg,data/vf/val_externo/cropped/chiari/chiari_65b.jpg,chiari,1,181929,181929,0.999428
chiari_66a.jpg,data/vf/val_externo/cropped/chiari/chiari_66a.jpg,chiari,1,175947,175947,0.999921
chiari_66b.jpg,data/vf/val_externo/cropped/chiari/chiari_66b.jpg,chiari,1,175947,175947,0.999348
chiari_67a.jpg,data/vf/val_externo/cropped/chiari/chiari_67a.jpg,chiari,1,160048,160048,0.909342
chiari_67b.jpeg,data/vf/val_externo/cropped/chiari/chiari_67b.jpeg,chiari,1,160048,160048,0.99992
chiari_68a.jpeg,data/vf/val_externo/cropped/chiari/chiari_68a.jpeg,chiari,1,5686,5686,0.994227
chiari_68b.jpeg,data/vf/cropped/chiari/chiari_68b.jpeg,chiari,1,5686,5686,0.230164
chiari_69a.jpg,data/vf/val_externo/cropped/chiari/chiari_69a.jpg,chiari,1,34375,34375,0.999774
chiari_69b.jpg,data/vf/val_externo/cropped/chiari/chiari_69b.jpg,chiari,1,34375,34375,0.99869
chiari_70a.jpg,data/vf/cropped/chiari/chiari_70a.jpg,chiari,1,89444,89444,0.997069
chiari_70a.jpg,data/vf/val_externo/cropped/chiari/chiari_70a.jpg,chiari,1,89444,89444,0.975358
chiari_70b.jpg,data/vf/val_externo/cropped/chiari/chiari_70b.jpg,chiari,1,89444,89444,0.868178
chiari_71a.jpg,data/vf/val_externo/cropped/chiari/chiari_71a.jpg,chiari,1,180465,180465,0.658071
chiari_72a.png,data/vf/val_externo/cropped/chiari/chiari_72a.png,chiari,1,13619,13619,0.997193
chiari_73a.png,data/vf/cropped/chiari/chiari_73a.png,chiari,1,16113,16113,0.004005
chiari_74a.jpg,data/vf/val_externo/cropped/chiari/chiari_74a.jpg,chiari,1,10358,10358,0.999305
chiari_75a.jpeg,data/vf/val_externo/cropped/chiari/chiari_75a.jpeg,chiari,1,4977,4977,0.905696
chiari_76a.jpg,data/vf/val_externo/cropped/chiari/chiari_76a.jpg,chiari,1,24077,24077,0.999941
chiari_76b.jpg,data/vf/val_externo/cropped/chiari/chiari_76b.jpg,chiari,1,24077,24077,0.999841
normal_2a.png,data/vf/cropped/normal/normal_2a.png,normal,0,https://radiopaedia.org/cases/normal-mri-brain-2?lang=us,39311,0.00254
normal_3a.jpg,data/vf/cropped/normal/normal_3a.jpg,normal,0,https://radiopaedia.org/cases/normal-mri-brain-3?lang=us,153576,0.833148
normal_4a.png,data/vf/cropped/normal/normal_4a.png,normal,0,https://radiopaedia.org/cases/normal-brain-mri-4?lang=us,41113,0.00087
normal_5a.png,data/vf/cropped/normal/normal_5a.png,normal,0,https://radiopaedia.org/cases/normal-brain-mri-5?lang=us,42777,0.00938
normal_6a.png,data/vf/cropped/normal/normal_6a.png,normal,0,https://radiopaedia.org/cases/normal-brain-mri-6?lang=us,37605,0.02532
normal_7a.png,data/vf/cropped/normal/normal_7a.png,normal,0,https://radiopaedia.org/cases/normal-mri-brain-venogram?lang=us,57738,0.704055
normal_8a.jpg,data/vf/cropped/normal/normal_8a.jpg,normal,0,https://radiopaedia.org/cases/normal-mri-brain-adult?lang=us,52637,0.480098
normal_9a.png,data/vf/cropped/normal/normal_9a.png,normal,0,https://radiopaedia.org/cases/normal-brain-mri-tle-protocol?lang=us,40748,0.001364
normal_9b.png,data/vf/cropped/normal/normal_9b.png,normal,0,https://radiopaedia.org/cases/normal-brain-mri-tle-protocol?lang=us,40748,0.023963
normal_10a.png,data/vf/cropped/normal/normal_10a.png,normal,0,https://radiopaedia.org/cases/normal-mri-brain-5-month-old?lang=us,212946,0.060232
normal_12a.png,data/vf/cropped/normal/normal_12a.png,normal,0,https://radiopaedia.org/cases/normal-mri-brain-myelination-9-month-old-2?lang=us,212956,0.136142
normal_13a.png,data/vf/cropped/normal/normal_13a.png,normal,0,https://radiopaedia.org/cases/normal-brain-mri-non-focal-epilepsy-protocol-3?lang=us,53917,7.6e-05
normal_13b.png,data/vf/cropped/normal/normal_13b.png,normal,0,https://radiopaedia.org/cases/normal-brain-mri-non-focal-epilepsy-protocol-3?lang=us,53917,0.000738
normal_15a.jpeg,data/vf/cropped/normal/normal_15a.jpeg,normal,0,https://radiopaedia.org/cases/normal-brain-mri-2-year-old?lang=us,43048,0.910804
normal_16a.png,data/vf/cropped/normal/normal_16a.png,normal,0,https://radiopaedia.org/cases/normal-mri-brain-2-year-old?lang=us,212958,0.205836
normal_17a.jpg,data/vf/cropped/normal/normal_17a.jpg,normal,0,https://radiopaedia.org/cases/normal-brain-mri-non-focal-epilepsy-protocol-1?lang=us,38571,0.556914
normal_17b.jpg,data/vf/cropped/normal/normal_17b.jpg,normal,0,https://radiopaedia.org/cases/normal-brain-mri-non-focal-epilepsy-protocol-1?lang=us,38571,0.000385
normal_18a.png,data/vf/cropped/normal/normal_18a.png,normal,0,https://radiopaedia.org/cases/normal-brain-mri-with-post-contrast-flair?lang=us,173066,0.345734
normal_18b.png,data/vf/cropped/normal/normal_18b.png,normal,0,https://radiopaedia.org/cases/normal-brain-mri-with-post-contrast-flair?lang=us,173066,0.42618
normal_19a.jpeg,data/vf/cropped/normal/normal_19a.jpeg,normal,0,https://radiopaedia.org/cases/normal-midline-brain-mri-1?lang=us,9878,0.026404
normal_20a.jpg,data/vf/cropped/normal/normal_20a.jpg,normal,0,https://radiopaedia.org/cases/normal-mri-brain-myelination-15-month-old-2?lang=us,89654,0.619316
normal_21a.jpeg,data/vf/cropped/normal/normal_21a.jpeg,normal,0,https://radiopaedia.org/cases/normal-mri-of-the-brain-adult?lang=us,165014,0.137668
normal_21b.jpeg,data/vf/cropped/normal/normal_21b.jpeg,normal,0,https://radiopaedia.org/cases/normal-mri-of-the-brain-adult?lang=us,165014,0.632326
normal_24a.jpg,data/vf/cropped/normal/normal_24a.jpg,normal,0,https://radiopaedia.org/cases/normal-mri-of-the-brain-9-year-old?lang=us,229305,0.02049
normal_25a.jpg,data/vf/cropped/normal/normal_25a.jpg,normal,0,https://radiopaedia.org/cases/normal-paediatric-mri-and-mra-brain?lang=us,39578,0.033789
normal_26a.jpeg,data/vf/cropped/normal/normal_26a.jpeg,normal,0,https://radiopaedia.org/cases/frontal-meningioma-and-schizophrenia?lang=us,43937,0.554203
normal_27a.jpeg,data/vf/cropped/normal/normal_27a.jpeg,normal,0,https://radiopaedia.org/cases/meningioma-frontal-10?lang=us,172037,0.034428
normal_28a.jpeg,data/vf/cropped/normal/normal_28a.jpeg,normal,0,https://radiopaedia.org/cases/meningioma-frontal-3?lang=us,90825,0.078157
normal_29a.jpeg,data/vf/cropped/normal/normal_29a.jpeg,normal,0,https://radiopaedia.org/cases/meningioma-frontal-1?lang=us,88354,0.001811
normal_30a.jpeg,data/vf/cropped/normal/normal_30a.jpeg,normal,0,https://radiopaedia.org/cases/meningioma-frontal-2?lang=us,90068,0.975651
normal_31a.jpeg,data/vf/cropped/normal/normal_31a.jpeg,normal,0,https://radiopaedia.org/cases/meningioma-frontal-13?lang=us,187032,0.037591
normal_32a.jpeg,data/vf/cropped/normal/normal_32a.jpeg,normal,0,https://radiopaedia.org/cases/meningioma-frontal-7?lang=us,150485,0.053842
normal_33a.jpeg,data/vf/cropped/normal/normal_33a.jpeg,normal,0,https://radiopaedia.org/cases/calcified-meningioma-frontal?lang=us,152275,0.468036
normal_34a.jpeg,data/vf/cropped/normal/normal_34a.jpeg,normal,0,https://radiopaedia.org/cases/meningioma-frontal-9?lang=us,164656,0.024649
normal_35a.jpeg,data/vf/cropped/normal/normal_35a.jpeg,normal,0,https://radiopaedia.org/cases/frontal-meningioma-with-secondary-intracranial-hypertension?lang=us,83883,0.124837
normal_37a.jpeg,data/vf/cropped/normal/normal_37a.jpeg,normal,0,https://radiopaedia.org/cases/miliary-brain-metastases-from-primary-breast-cancer?lang=us,224514,0.158512
normal_39a.jpeg,data/vf/cropped/normal/normal_39a.jpeg,normal,0,https://radiopaedia.org/cases/left-parietal-lobe-infarct-gerstmann-syndrome-1?lang=us,198106,0.27159
normal_41a.jpeg,data/vf/cropped/normal/normal_41a.jpeg,normal,0,https://radiopaedia.org/cases/intraventricular-neurocysticercosis-1?lang=us,58352,0.893262
normal_42a.jpeg,data/vf/cropped/normal/normal_42a.jpeg,normal,0,https://radiopaedia.org/cases/septo-optic-dysplasia-31?lang=us,205271,0.779449
normal_43a.jpeg,data/vf/cropped/normal/normal_43a.jpeg,normal,0,https://radiopaedia.org/cases/migraine-4?lang=us,159857,0.978517
normal_44a.jpeg,data/vf/cropped/normal/normal_44a.jpeg,normal,0,https://radiopaedia.org/cases/acute-superior-sagittal-sinus-thrombosis?lang=us,92485,0.003952
